"from","to","Integrated Gradients","Saliency"
"ABAT","ALDH3A1",0,0
"ABCA1","CHD9",0,0
"ABCB4","CHD9",0,0
"ABI1","ITGA4",0,0
"ABL1","ABI1",0,0
"ABL2","WASF2",0,0
"ACACB","PRKAA1",0,0
"ACAN","TNXB",0,0
"ACIN1","SRRM2",0,0
"ACLY","PRKCD",0,0
"ACLY","FASN",0,0
"ACLY","ACO1",0,0
"ACLY","ACACA",0,0
"ACLY","ACACB",0,0
"ACO1","IDH1",0,0
"ACO2","ACLY",0,0
"ACO2","SLC25A13",0,0
"ACO2","HSPD1",0,0
"ACO2","IDH1",0,0
"ACO2","SLC25A12",0,0
"ACOT4","ACOX3",0,0
"ACOX1","JUN",0,0
"ACOX2","ACOX3",0,0
"ACOX3","HSD17B4",0,0
"ACTA1","ACTN3",0,0
"ACTB","POLR1B",0,0
"ACTG1","CYFIP1",0,0
"ACTL6B","ARID1A",0,0
"ACTL6B","BRD7",0,0
"ACTL6B","SMARCC2",0,0
"ACTL6B","SMARCC1",0,0
"ACTL6B","DNMT3A",0,0
"ACTL6B","SMARCA4",0,0
"ACTL6B","SS18",0,0
"ACTL6B","SMARCA2",0,0
"ACTL6B","PRMT5",0,0
"ACTN1","ACTN3",0,0
"ACTN2","GRIN2B",0,0
"ACTN4","ACTN3",0,0
"ACTR1A","SPTBN2",0,0
"ACTR3B","ARPC2",0,0
"ACTR8","EP400",0,0
"ACVR1C","SMAD3",0,0
"ADAM12","ITGB1",0,0
"ADAM15","ITGB1",0,0
"ADAM28","ITGA4",0,0
"ADAMTS5","BCAN",0,0
"ADAR","OAS1",0,0
"ADCY1","PDYN",0,0
"ADCY2","PDYN",0,0
"ADCY3","PDYN",0,0
"ADCY5","PDYN",0,0
"ADCY7","PDYN",0,0
"ADCY9","PDYN",0,0
"ADORA1","OPRM1",0.03,0
"ADRA1A","HRH1",0,0
"AEBP2","BAP1",0,0
"AFF4","SSRP1",0,0
"AGK","AKAP9",0,0
"AGL","MGAM",0,0
"AGRN","PAK4",0,0
"AGT","OPRM1",0.04,0
"AGTR1","AP2B1",0,0
"AKT2","DENND1B",0,0
"AKT3","RPTOR",0,0
"AKT3","DENND1A",0,0
"AKT3","DENND1B",0,0
"AKT3","RPS6KB2",0,0
"ALDH1A3","GAD1",0,0
"ALDH3A2","ACSF3",0,0
"ALDH3A2","ACSS3",0,0
"ALDOA","ESR1",0,0
"ALDOB","PFKP",0,0
"ALK","JAK3",0,0
"AMBN","DMP1",0.09,0
"ANGPTL3","ITGB3",0,0
"ANK1","ITGAM",0,0
"ANK2","SPTBN2",0,0
"ANK3","SPTBN2",0,0
"ANLN","RHOA",0,0
"ANO6","ITGAM",0,0
"ANO6","NELL2",0,0
"AOC2","DDC",0,0
"AOC2","DBH",0,0
"AOC2","ALDH3A1",0,0
"AOC2","ALDH1A3",0,0
"AOC2","ALDH3A2",0,0
"AOX1","ABAT",0,0
"AOX1","SUOX",0,0
"AP1B1","TXNDC5",0,0
"AP1G1","AP2B1",0,0
"AP1G2","AP1B1",0,0
"AP1G2","SYNRG",0,0
"AP2A1","AP2B1",0,0
"AP2A2","AP1B1",0,0
"AP3B1","AP1B1",0,0
"AP4E1","AP1B1",0,0
"AP4M1","AP1G1",0,0
"APBB1IP","BCAR1",0,0
"APC","LRP6",0,0
"APC","ARHGEF4",0,0
"APC","AXIN2",0,0
"APC","ZRANB1",0,0
"APC","SPATA13",0,0
"APEX1","ARNT",0,0
"APEX1","MUTYH",0,0
"APEX1","EPAS1",0,0
"APEX1","NTHL1",0,0
"APEX1","GZMA",0,0
"APEX1","PARP1",0,0
"APLP2","HSP90B1",0,0
"APOA1","HSP90B1",0,0
"APOA1","CHD9",0,0
"APOA1","ABCA1",0,0
"APOA1","NCOA2",0,0
"APOA5","CHD9",0,0
"APOB","ITGAM",0,0
"APOB","GPC6",0,0
"APOB","GPC2",0,0
"APOB","LRP12",0,0
"APOB","LRP8",0,0
"APOB","FGR",0,0
"APP","MAPT",0,0
"AQR","DDX5",0,0
"AQR","HNRNPM",0,0
"AQR","ERCC5",0,0
"AQR","CHERP",0,0
"AQR","PRPF3",0,0
"AQR","PRPF8",0,0
"AQR","PRPF19",0,0
"AQR","SF3B4",0,0
"AQR","RBM5",0,0
"AQR","PRCC",0,0
"AQR","SF3B3",0,0
"AQR","SF3B2",0,0
"AQR","CWC22",0,0
"AQR","WDR33",0,0
"AQR","DDX46",0,0
"AQR","DHX8",0,0
"AQR","HNRNPL",0,0
"AQR","POLE",0,0
"AQR","PRPF4",0,0
"AQR","USP7",0,0
"AQR","CPSF3",0,0
"AQR","DHX38",0,0
"AQR","SYMPK",0,0
"AQR","SNRPN",0,0
"AQR","ERCC2",0,0
"AQR","CDK7",0,0
"AQR","LIG3",0,0
"AQR","TFIP11",0,0
"AQR","CASC3",0,0
"AQR","PRPF6",0,0
"AQR","CTNNBL1",0,0
"AQR","HNRNPA2B1",0,0
"AQR","PAPOLA",0,0
"AQR","CPSF1",0,0
"AQR","BCAS2",0,0
"AQR","EFTUD2",0,0
"AQR","WBP11",0,0
"AQR","PCBP2",0,0
"AQR","CDC40",0,0
"AQR","LIG1",0,0
"AQR","PTBP1",0,0
"AQR","POLD1",0,0
"AQR","SNRNP200",0,0
"AQR","XRCC1",0,0
"AQR","RFC4",0,0
"AQR","RFC1",0,0
"AQR","DDX23",0,0
"AQR","HNRNPUL1",0,0
"AQR","ELAVL1",0,0
"AQR","SART1",0,0
"AQR","FUS",0,0
"AQR","ERCC3",0,0
"AQR","DDX42",0,0
"AQR","HNRNPU",0,0
"AQR","XAB2",0,0
"AQR","CSTF3",0,0
"AQR","TCEA1",0,0
"AQR","ELL",0,0
"AQR","CRNKL1",0,0
"AQR","ERCC4",0,0
"AQR","SRRM2",0,0
"AQR","POLR2A",0,0
"AQR","DHX15",0,0
"ARAP1","RHOA",0,0
"ARAP2","RHOT1",0,0
"ARHGAP12","RHOA",0,0
"ARHGAP21","RHOA",0,0
"ARHGAP29","RHOA",0,0
"ARHGAP30","RHOA",0,0
"ARHGAP5","RHOA",0,0
"ARHGAP9","RHOA",0,0
"ARHGEF1","RHOT1",0,0
"ARHGEF10L","RHOA",0,0
"ARHGEF11","RHOA",0,0
"ARHGEF12","PLXNB2",0,0
"ARHGEF15","RHOA",0,0
"ARHGEF17","RHOA",0,0
"ARHGEF4","RHOA",0,0
"ARHGEF5","RHOA",0,0
"ARHGEF5","ARHGAP5",0,0
"ARID1A","JUN",0,0
"ARID4A","HIST2H2BE",0,0
"ARNT","JUN",0,0
"ARNT","ASPH",0,0
"ARPC2","SYNJ2",0,0
"ARPC2","MYO10",0,0
"ARSB","PRKCD",0,0
"ASXL1","UBC",0,0
"ASXL1","MBD5",0,0
"ATF2","JUN",0,0
"ATF2","CREB5",0,0
"ATN1","JUN",0,0
"ATP11A","ITGAM",0,0
"ATP12A","ATP1B1",0,0
"ATP1B1","ATP2A2",0,0
"ATP1B1","ATP1A1",0,0
"ATP6V1A","INSR",0.01,0.03
"ATP8A1","ITGAM",0,0
"ATP8B4","ITGAM",0,0
"AXIN1","PSMD4",0,0
"AXIN2","PSMD4",0,0
"AXL","VAV3",0,0
"B3GNT5","MUC7",0,0
"BAAT","ACOX3",0,0
"BAAT","SLC27A5",0,0
"BACH1","BRCA1",0,0
"BAK1","BCL2L11",0,0
"BAP1","UBC",0,0
"BAZ1A","CDC5L",0,0
"BAZ1B","POLR1B",0,0
"BCAN","TNR",0,0
"BCAR1","ACTN3",0,0
"BCAS2","CHERP",0,0
"BCL2L11","KSR2",0,0
"BCL6","CD19",0,0
"BCL9","HIST1H3F",0,0
"BCL9","BCL9L",0,0
"BCL9","TLE1",0,0
"BCL9","TLE3",0,0
"BCL9","TLE2",0,0
"BCL9","HIST1H3B",0,0
"BCL9","HIST1H3G",0,0
"BCL9L","HIST2H2BE",0,0
"BCR","SYK",0,0
"BCR","SH3BP5",0,0
"BDKRB2","ADRA2B",0,0
"BICD2","ACTR1A",0,0
"BIRC3","TAX1BP1",0,0
"BIRC3","APAF1",0,0
"BLK","ZAP70",0,0
"BLK","PTPN13",0,0
"BLK","EPHA7",0,0
"BLK","EPHA1",0,0
"BLK","NGEF",0,0
"BLK","TRPV6",0,0
"BLK","EPHA2",0,0
"BLK","PAX5",0,0
"BLM","RAD54L",0,0
"BMP1","LAMA3",0,0
"BMS1","TBL3",0,0
"BRAP","UBC",0,0
"BRD1","BRPF1",0,0
"BRD1","MTA2",0,0
"BRD1","CHD4",0,0
"BRD1","HDAC1",0,0
"BRD1","CHD3",0,0
"BRD7","SMARCA4",0,0
"BRD8","CDC5L",0,0
"BRD8","EPC1",0,0
"BRD8","NFRKB",0,0
"BRD8","ACTR8",0,0
"BRD8","INO80",0,0
"BRPF1","HIST1H3B",0,0
"BRWD1","STAT5A",0,0
"BUB1","TOP2A",0,0
"BUB1","UBR5",0,0
"BUB3","CLIP1",0,0
"C1GALT1","GALNT6",0,0
"C3","ITGAM",0,0
"C3","CR2",0,0
"C3","CR1",0,0
"C3AR1","ITGAM",0,0
"C5","OPRM1",0.02,0
"C5","PDYN",0,0
"C5","HTR1A",0,0
"C5","OXER1",0,0
"C5","NPY1R",0,0
"C5","CCR1",0,0
"C5","GRM3",0,0
"C5","NPBWR1",0,0
"C5","HTR1F",0,0
"C5","CCR2",0,0
"C5","RXFP3",0,0
"C5","C7",0,0
"C5","ADCY8",0,0
"C5","ADCY9",0,0
"C5","HTR1D",0,0
"C5","ADCY3",0,0
"C5","PTGER3",0,0
"C5","ADORA1",0,0
"C5","C5AR1",0,0
"C5","GABBR1",0,0
"C5","GRM4",0,0
"C5","ADRA2B",0,0
"C5","CX3CR1",0,0
"C5","ADCY5",0,0
"C5","ADCY1",0,0
"C5","GRM8",0,0
"C5","HTR1B",0,0
"C5","C2",0,0
"C5","GRM7",0,0
"C5","DRD2",0,0
"C5","GABBR2",0,0
"C5","OPRL1",0,0
"C5","ADCY7",0,0
"C5","GPSM1",0,0
"C5","GPR37",0,0
"C5","GPR55",0,0
"C5","HTR5A",0,0
"C5","SPG7",0,0
"C5","NPY2R",0.63,0
"C5","HTR1E",0,0
"C5","ADCY2",0,0
"C5","GRM2",0,0
"C5AR1","OPRM1",0.04,0
"CABIN1","PRKCA",0,0
"CACNA1C","CACNB1",0,0
"CACNA1C","RYR1",0,0
"CACNA1D","CACNB1",0,0
"CACNA1S","CACNB1",0,0
"CACNB1","NCAM1",0,0
"CACNG3","DLG1",0,0
"CACNG3","CACNA1S",0,0
"CACNG3","GRIA1",0,0
"CACNG3","CACNA1D",0,0
"CACNG3","CAMK2A",0,0
"CACNG3","CACNA2D1",0,0
"CACNG3","CACNA1C",0,0
"CACNG3","MDM2",0,0
"CACNG3","CACNB1",0,0
"CACNG3","GRIA4",0,0
"CACNG3","CAMK2D",0,0
"CACNG3","CACNB2",0,0
"CACNG3","EPB41L1",0,0
"CALCRL","ADCYAP1R1",0,0
"CALD1","SORBS1",0,0
"CAMK2A","GRIN2B",0,0
"CAMK2D","GRIN2B",0,0
"CAMK2D","RYR2",0,0
"CAMK4","NOS3",0,0
"CAP2","GRXCR1",0.34,0
"CAP2","ABL2",0,0
"CAPG","CDC5L",0,0
"CAPN2","PTK2",0,0
"CARD9","SYK",0,0
"CARM1","CHD9",0,0
"CASC3","TPR",0,0
"CASP2","APAF1",0,0
"CASP8","PTPN13",0,0
"CASR","PDYN",0,0
"CBL","SYK",0,0
"CBL","IL4R",0,0
"CBLB","SYK",0,0
"CBX2","JUN",0,0
"CCKAR","HRH1",0,0
"CCNA2","E2F1",0,0
"CCNE2","UBC",0,0
"CCNT1","POU2F1",0,0
"CCNT1","CDK14",0,0
"CCNT1","BRD4",0,0
"CCR1","OPRM1",0.03,0
"CCR2","OPRM1",0.02,0
"CCT2","CCNE2",0,0
"CCT3","CCNE2",0,0
"CCT6B","CCNE2",0,0
"CD19","ITGAM",0,0
"CD1B","B2M",0,0
"CD1C","B2M",0,0
"CD1D","B2M",0,0
"CD2","SYK",0,0
"CD22","CD19",0,0
"CD22","LYN",0,0
"CD22","BCL6",0,0
"CD22","BCR",0,0
"CD300A","ITGAM",0,0
"CD36","ITGAM",0,0
"CD4","SYK",0,0
"CD4","ZAP70",0,0
"CD4","PAG1",0,0
"CD4","COPA",0,0
"CD4","PTPRJ",0,0
"CD4","TRAT1",0,0
"CD4","VAV1",0,0
"CD4","PTPN22",0,0
"CD4","CD8B",0,0
"CD4","CD86",0,0
"CD4","PRKCQ",0,0
"CD4","PLCG1",0,0
"CD4","CXCR4",0,0
"CD4","ITK",0,0
"CD4","PTPRC",0,0
"CD4","CD8A",0,0
"CD4","GNAZ",0,0
"CD4","CD5",0,0
"CD47","ITGAM",0,0
"CD5","CD2",0,0
"CD86","ITGAM",0,0
"CD8A","VAV1",0,0
"CD8B","SYK",0,0
"CD93","ITGAM",0,0
"CDC25C","PKN2",0,0
"CDC37","HSP90B1",0,0
"CDC37","NRG2",0,0
"CDC37","NRG3",0,0
"CDC37","HSP90AB1",0,0
"CDC37","NRG1",0,0
"CDC40","NUP153",0,0
"CDC5L","CHERP",0,0
"CDC5L","PARP4",0,0
"CDC5L","GALNT13",0,0
"CDC5L","EPS8L2",0,0
"CDC5L","ADNP",0,0
"CDC5L","ETV6",0,0
"CDC5L","EPPK1",0,0
"CDC6","E2F1",0,0
"CDC6","CCNE2",0,0
"CDC6","LIN54",0,0
"CDC6","MCM5",0,0
"CDC6","MCM6",0,0
"CDC6","TOPBP1",0,0
"CDC6","KITLG",0,0
"CDC6","CDCA7",0,0
"CDC6","WDHD1",0,0
"CDC6","CCNA2",0,0
"CDC6","EXO1",0,0
"CDC6","CDKN1B",0,0
"CDC6","MCM10",0,0
"CDC6","MCM7",0,0
"CDC6","POLA2",0,0
"CDC6","SMC2",0,0
"CDC6","RRM1",0,0
"CDC6","ATR",0,0
"CDC73","RNF20",0,0
"CDCA7","UHRF1",0,0
"CDK7","CCNE2",0,0
"CDK7","CHD1L",0,0
"CDK7","UBTF",0,0
"CDKN1B","E2F1",0,0
"CDKN1B","CTCF",0,0
"CDKN1B","DCAF5",0,0
"CDKN1B","ABL1",0,0
"CDKN1B","TRPC4AP",0,0
"CDKN1B","EP400",0,0
"CDS1","PLD1",0,0
"CECR2","BAZ1A",0,0
"CELSR1","VANGL2",0,0
"CENPE","SPTBN2",0,0
"CENPF","CLIP1",0,0
"CENPL","DSN1",0,0
"CEP97","AKAP9",0,0
"CFTR","AP2B1",0,0
"CFTR","CD4",0,0
"CFTR","AGT",0,0
"CFTR","PSMD11",0,0
"CFTR","LRP2",0,0
"CFTR","CBL",0,0
"CFTR","PSMD4",0,0
"CFTR","EGFR",0,0
"CFTR","PIK3C2A",0,0
"CFTR","LDLR",0,0
"CFTR","ITSN1",0,0
"CFTR","EPN1",0,0
"CFTR","GAPVD1",0,0
"CFTR","UBC",0,0
"CFTR","STAM2",0,0
"CFTR","STON1",0,0
"CFTR","SYT9",0,0
"CFTR","SYT11",0,0
"CFTR","PSMC6",0,0
"CFTR","DNM3",0,0
"CFTR","ANO1",0,0
"CFTR","CLTCL1",0,0
"CFTR","SYNJ2",0,0
"CFTR","WASL",0,0
"CFTR","ITSN2",0,0
"CFTR","PRKACG",0,0
"CFTR","SYNJ1",0,0
"CFTR","DAB2",0,0
"CFTR","EPS15",0,0
"CFTR","PSMD3",0,0
"CFTR","PSMD12",0,0
"CFTR","CHRM2",0,0
"CFTR","EGF",0,0
"CFTR","SGIP1",0,0
"CFTR","SNAP91",0,0
"CFTR","ARPC2",0,0
"CFTR","HSPA8",0,0
"CFTR","AGTR1",0,0
"CFTR","SH3GL2",0,0
"CFTR","AP2A1",0,0
"CFTR","IGF2R",0,0
"CFTR","SNX9",0,0
"CFTR","AP2A2",0,0
"CFTR","STON2",0,0
"CFTR","HIP1",0,0
"CFTR","KIAA0319",0,0
"CFTR","DNM1",0,0
"CFTR","DNAJC6",0,0
"CHAF1A","ARID1A",0,0
"CHD1L","RNF111",0,0
"CHD3","BRPF1",0,0
"CHD4","HIST2H2BE",0,0
"CHD9","FDFT1",0,0
"CHEK2","UBC",0,0
"CHERP","PRPF8",0,0
"CHI3L1","DOCK2",0,0
"CHIT1","SPTAN1",0,0
"CHL1","ANK1",0,0
"CHL1","NRP1",0,0
"CHRD","ATF2",0,0
"CHRD","BMP1",0,0
"CHRM1","JUN",0,0
"CHRM2","AP2B1",0,0
"CHRNA1","JUN",0,0
"CHRNA1","CHRNB3",0.2,0
"CHRNB2","CHRNA4",0,0
"CHRNB3","CHRNA4",0,0
"CHRNB4","ITGAM",0,0
"CHRND","CHRNA1",0.06,0
"CHRND","CHRNA4",0,0
"CHRND","CHRNB2",0,0
"CHSY1","BCAN",0,0
"CHSY3","BCAN",0,0
"CHUK","RPS6KA1",0,0
"CILP","IGF1R",0,0
"CKAP2","TOP2A",0,0
"CLASP1","ZWILCH",0,0
"CLEC10A","MUC5B",0,0
"CLIP2","CLASP1",0,0
"CLOCK","NRIP1",0,0
"CLOCK","RAI1",0,0
"CLTCL1","AP2B1",0,0
"CLUAP1","DYNC2LI1",0,0
"CNDP1","ABAT",0,0
"CNDP2","ABAT",0,0
"CNGA1","PDE6B",0,0
"CNKSR1","BCL2L11",0,0
"CNTN2","NCAM1",0,0
"CNTN2","CNTNAP2",0,0
"CNTNAP1","EPB41L3",0,0
"COG3","SPTBN2",0,0
"COG5","SPTBN2",0,0
"COL11A1","SDC1",0.02,0.04
"COL14A1","COL16A1",0,0
"COL17A1","COL16A1",0,0
"COL1A1","COL5A3",0,0
"COL1A1","P4HA1",0,0
"COL1A1","RB1",0,0
"COL1A2","COL16A1",0,0
"COL2A1","SDC1",0.02,0.04
"COL3A1","SDC1",0.02,0.04
"COL4A3","NCAM1",0,0
"COL4A4","NCAM1",0,0
"COL5A1","SDC1",0.02,0.04
"COL5A2","SDC1",0.02,0.04
"COL5A3","COL16A1",0,0
"COL6A1","COL16A1",0,0
"COL6A2","COL16A1",0,0
"COL7A1","SDC1",0.02,0.04
"COL8A1","COL16A1",0,0
"COL9A1","COL16A1",0,0
"COL9A3","COL16A1",0,0
"COPA","SPTBN2",0,0
"COPB1","ITGAM",0,0
"COPB1","ANK2",0,0
"COPB1","SPTBN4",0,0
"COPB1","SPTBN5",0,0
"COPB1","USO1",0,0
"COPB1","ANK1",0,0
"COPB1","ANK3",0,0
"COPB1","SPTB",0,0
"COPB1","GOLGB1",0,0
"COPB1","SPTA1",0,0
"CPB2","AGT",0,0
"CPB2","C5",0.01,0
"CPD","AP1B1",0,0
"CPD","SORT1",0,0
"CPD","AP4E1",0,0
"CPD","PUM1",0,0
"CPSF3","HNRNPM",0,0
"CPSF3","SCARA3",0,0
"CPSF6","HNRNPM",0,0
"CPSF6","KHSRP",0,0
"CPT1A","JUN",0,0
"CPT2","CHD9",0,0
"CR2","CD19",0,0
"CREB3L3","MBTPS1",0,0
"CREB3L3","CREB3L1",0,0
"CREB5","JUN",0,0
"CREBBP","E2F1",0,0
"CREBBP","ABCB4",0,0
"CREBBP","CPT2",0,0
"CREBBP","FDFT1",0,0
"CREBBP","PLIN2",0,0
"CREBBP","GRIP1",0,0
"CREBBP","CABIN1",0,0
"CREBBP","GRHL1",0,0
"CREBBP","TIAM2",0,0
"CREM","JUN",0,0
"CRHR1","ADCYAP1R1",0,0
"CRMP1","DPYSL3",0,0
"CRNKL1","CHERP",0,0
"CROT","UBC",0,0
"CSE1L","XPO1",0,0
"CSF1R","ITGAM",0,0
"CSF2RB","JAK3",0,0
"CSF3R","JAK2",0,0
"CSNK2A1","TOP2A",0,0
"CSNK2A1","NCAPD2",0,0
"CSNK2A1","NFATC1",0,0
"CSPG4","ITGA4",0,0
"CSTF3","HNRNPM",0,0
"CTCF","HIST2H2BE",0,0
"CTNNBL1","CHERP",0,0
"CTSA","PRKCD",0,0
"CUX1","STAT1",0,0
"CWC22","CHERP",0,0
"CX3CR1","LPAR1",0,0
"CXCR4","PDYN",0,0
"CYFIP1","WASF2",0,0
"CYFIP2","CYFIP1",0,0
"CYP4A11","CHD9",0,0
"CYTH4","RHOA",0,0
"DAAM1","RHOA",0,0
"DAB2","SYNJ2",0,0
"DAB2IP","MAP3K5",0,0
"DBH","DDC",0,0
"DCC","BCAR1",0,0
"DCTN1","SPTBN2",0,0
"DDX17","ESR1",0,0
"DDX20","NUP153",0,0
"DDX21","POLR1B",0,0
"DDX23","HNRNPM",0,0
"DDX23","SRPK2",0,0
"DDX31","GNL2",0,0
"DDX42","CPSF1",0,0
"DDX46","CHERP",0,0
"DDX5","HNRNPM",0,0
"DDX5","GATA3",0,0
"DDX5","CARM1",0,0
"DDX5","FOXA1",0,0
"DDX5","KAT2B",0,0
"DECR1","PRKCB",0,0
"DECR1","DUOX1",0,0
"DEF6","RHOA",0,0
"DEK","POLR1B",0,0
"DENND1A","DENND1B",0,0
"DHX15","POLR1B",0,0
"DHX38","HNRNPM",0,0
"DHX8","PRPF8",0,0
"DIAPH1","RHOA",0,0
"DLC1","TNS3",0,0
"DLG1","LLGL2",0,0
"DLG2","GRIN2B",0,0
"DLGAP5","MKI67",0,0
"DLGAP5","MELK",0,0
"DLGAP5","CKAP2",0,0
"DLGAP5","DEPDC1",0,0
"DLGAP5","E2F8",0,0
"DLGAP5","HJURP",0,0
"DLGAP5","ANLN",0,0
"DLGAP5","SPAG5",0,0
"DLGAP5","TACC3",0,0
"DLGAP5","NOTCH3",0,0
"DLL1","EPS15",0,0
"DMP1","CHGB",0,0
"DNAH1","CLIP1",0,0
"DNAH17","DNAH1",0,0
"DNAH3","CLIP1",0,0
"DNAH3","DNAH1",0,0
"DNAH3","DNAH2",0,0
"DNAH3","DNAH17",0,0
"DNAH3","DNAH8",0,0
"DNAH3","DNAH6",0,0
"DNAH3","DNAH7",0,0
"DNAH6","CLIP1",0,0
"DNAH7","DNAH1",0,0
"DNAH8","CLIP1",0,0
"DNAJB4","HSPA8",0,0
"DNAJC2","HSPA8",0,0
"DNAJC6","AP2B1",0,0
"DNASE2","AP1B1",0,0
"DNASE2","AP1G1",0,0
"DNM1","AP2B1",0,0
"DNM3","AP2B1",0,0
"DNMT3A","SMARCC2",0,0
"DOCK1","SYK",0,0
"DOCK2","CYFIP1",0,0
"DOCK3","NTRK2",0,0
"DOCK7","MET",0,0
"DOK1","INSR",0.01,0.03
"DOK1","FCER1A",0,0
"DOK1","BLK",0,0
"DOK2","JAK3",0,0
"DPYSL5","DPYSL3",0,0
"DRD2","OPRM1",0.01,0
"DSC1","DSC2",0,0
"DSC2","DSG4",0.14,0
"DSCAM","DCC",0.03,0
"DSG1","DSC2",0,0
"DSG3","DSG1",0,0
"DSN1","MAN2B1",0,0
"DSP","TCHH",0,0
"DTX1","DLL1",0,0
"DTX1","DTX2",0,0
"DTX2","UBC",0,0
"DYNC2H1","NEK1",0,0
"E2F1","TNRC6B",0,0
"E2F1","ETS2",0,0
"ECD","ZNF274",0,0
"ECHDC1","ACSS3",0,0
"ECT2","TOP2A",0,0
"EDNRA","HRH1",0,0
"EED","JUN",0,0
"EED","PHF19",0,0
"EED","JARID2",0,0
"EFTUD2","CHERP",0,0
"EGF","AP2B1",0,0
"EGF","IQSEC1",0,0
"EGF","ZFYVE28",0,0
"EGF","DIAPH1",0,0
"EGF","IPCEF1",0,0
"EGFR","SHC4",0,0
"EGR1","NFATC2",0,0
"EGR1","NFATC3",0,0
"EHHADH","NRIP1",0,0
"EHHADH","ACOX3",0,0
"EHHADH","IVD",0,0
"EHHADH","MCCC1",0,0
"EHHADH","CPT1A",0,0
"EHHADH","NOS2",0,0
"EHHADH","ACOX1",0,0
"EHHADH","HAO1",0,0
"EHHADH","CROT",0,0
"EHHADH","BAAT",0,0
"EHHADH","NUDT7",0,0
"EHHADH","ABAT",0,0
"EHHADH","ACOX2",0,0
"EHHADH","HSD17B4",0,0
"EHHADH","PPARA",0,0
"EHHADH","PPARGC1A",0,0
"EHHADH","AOX1",0,0
"EHHADH","HADHB",0,0
"EHHADH","LONP2",0,0
"EHHADH","ACOT4",0,0
"EHHADH","GNPAT",0,0
"EIF2AK3","HSPA5",0,0
"ELAVL1","CHERP",0,0
"ELL","INTS2",0,0
"ELL2","INTS2",0,0
"ELL3","INTS2",0,0
"ENAM","SERPINA1",0,0
"ENPP1","PGM2",0,0
"ENPP1","PANK4",0,0
"EP400","CCNE2",0,0
"EPAS1","ARNT",0,0
"EPB41L1","EPB41L3",0,0
"EPB41L3","CNTNAP2",0,0
"EPB41L5","EPB41L3",0,0
"EPB41L5","NLGN2",0,0
"EPB41L5","NLGN1",0,0
"EPC1","TRRAP",0,0
"EPHA1","EPHA7",0,0
"EPHA2","BCAR1",0,0
"EPHA7","LYN",0,0
"EPHB1","AP2B1",0,0
"EPHB2","AP2B1",0,0
"EPHB3","AP2B1",0,0
"EPHB4","AP2B1",0,0
"EPHB6","AP2B1",0,0
"EPN1","AP2B1",0,0
"EPS15","AP2B1",0,0
"ERBB2","GRB7",0,0
"ERBB2","ARHGEF11",0,0
"ERBB4","GRIN2B",0,0
"ERCC2","POLR1B",0,0
"ERCC3","POLR1B",0,0
"ERCC5","ERCC6",0,0
"ESPL1","ZWILCH",0,0
"ESPL1","NIPBL",0,0
"ESR2","ESR1",0,0
"ESRRG","NRIP1",0,0
"ETS2","JUN",0,0
"EVC","GLI3",0,0
"EVC2","GLI3",0,0
"EXOSC9","TBL3",0,0
"EXT1","SDC1",0.02,0.04
"EZH1","BAP1",0,0
"EZH2","E2F1",0,0
"F13A1","ITGA4",0,0
"F2R","HRH1",0,0
"F5","SEC13",0,0
"FAF1","PTPN13",0,0
"FAF2","NPLOC4",0,0
"FAF2","UBXN7",0,0
"FAM13A","RHOA",0,0
"FANCG","BRCA2",0,0
"FANCM","TOP3B",0,0
"FANCM","POLN",0,0
"FANCM","RECQL4",0,0
"FASN","SREBF1",0,0
"FBL","POLR1B",0,0
"FBL","WDR75",0,0
"FBL","WDR3",0,0
"FBL","PWP2",0,0
"FBL","XRN2",0,0
"FBL","EXOSC9",0,0
"FBL","RRP9",0,0
"FBL","UTP20",0,0
"FBL","DDX17",0,0
"FBL","TBL3",0,0
"FBL","UTP15",0,0
"FBL","PDCD11",0,0
"FBL","TSR1",0,0
"FBL","HEATR1",0,0
"FBL","NCL",0,0
"FBL","RBM28",0,0
"FBL","RRP1",0,0
"FBL","RPP40",0,0
"FBL","PES1",0,0
"FBL","NOP2",0,0
"FBN1","FBN2",0,0
"FBN2","ITGB3",0,0
"FCAR","ITGAM",0,0
"FCER1A","SYK",0,0
"FCGR1A","SYK",0,0
"FCGRT","B2M",0,0
"FGA","SYK",0,0
"FGD4","RHOA",0,0
"FGF18","FGFR2",0,0
"FGF23","HSP90B1",0,0
"FGF23","FGFR2",0,0
"FGF23","CPSF6",0,0
"FGF23","MYO18A",0,0
"FGF23","GALNT3",0,0
"FGF23","FLRT3",0,0
"FGF23","LRRFIP1",0,0
"FGF23","FRS3",0,0
"FGFR2","PLCG2",0,0
"FGFR4","SDC1",0.02,0.04
"FGG","SYK",0,0
"FGR","PRKCD",0,0
"FHL5","XPO1",0,0
"FLII","LRRFIP1",0,0
"FLRT3","ROBO1",0,0
"FLT1","BCAR1",0,0
"FLT3","SOS1",0,0
"FMNL1","ACTB",0,0
"FMNL1","SRGAP2",0,0
"FN1","ITGA4",0,0
"FOXA1","NRIP1",0,0
"FOXM1","TOP2A",0,0
"FPR2","ADRA2B",0,0
"FRS3","NTRK1",0,0
"FSHR","ADCYAP1R1",0,0
"FTSJ3","TBL3",0,0
"FUCA2","MPO",0,0
"FUCA2","HSP90B1",0,0
"FUCA2","DSN1",0,0
"FUCA2","APOB",0,0
"FUCA2","TNC",0,0
"FUCA2","MAN2B1",0,0
"FUCA2","CHGB",0,0
"FUCA2","GUSB",0,0
"FUCA2","PRKCD",0,0
"FUCA2","FBN1",0,0
"FUCA2","AMBN",0,0
"FUCA2","SERPINA1",0,0
"FUCA2","C3",0,0
"FUCA2","PSMD1",0,0
"FUCA2","LAMC1",0,0
"FUCA2","ITIH2",0,0
"FUCA2","APOA5",0,0
"FUCA2","ENAM",0,0
"FUCA2","ARSB",0,0
"FUCA2","APP",0,0
"FUCA2","MIA3",0,0
"FUCA2","SERPINC1",0,0
"FUCA2","UNC13D",0,0
"FUCA2","FGF23",0.16,0
"FUCA2","TF",0,0
"FUCA2","VCP",0,0
"FUCA2","DMP1",0.75,0
"FUCA2","APOA1",0,0
"FUCA2","PROC",0,0
"FUCA2","GLB1",0,0
"FUCA2","PADI2",0,0
"FUCA2","CCT2",0,0
"FUCA2","F5",0,0
"FUCA2","MNDA",0,0
"FUCA2","MBTPS1",0,0
"FUCA2","PYGB",0,0
"FUCA2","SPARCL1",0,0
"FUCA2","QSOX1",0,0
"FUCA2","SERPINB3",0,0
"FUCA2","APLP2",0,0
"FUCA2","FAF2",0,0
"FUCA2","LAMB1",0,0
"FUCA2","DNAJC3",0,0
"FUCA2","VCAN",0,0
"FUCA2","ACLY",0,0
"FUCA2","HRNR",0,0
"FUCA2","TXNDC5",0,0
"FUCA2","CTSA",0,0
"FUCA2","DYNC1H1",0,0
"FUCA2","LAMB2",0,0
"FUCA2","FGG",0,0
"FUCA2","FGA",0,0
"FUCA2","FN1",0,0
"FUCA2","GRN",0,0
"FUCA2","STK11IP",0,0
"FUS","HNRNPM",0,0
"FXR1","APBB1IP",0,0
"FXR1","TDRD3",0,0
"FZD1","LRP5",0,0
"FZD2","ROR2",0,0
"FZD2","ROR1",0,0
"FZD6","ROR2",0,0
"FZD7","ROR2",0,0
"FZD7","DAAM1",0,0
"GAB2","SYK",0,0
"GABBR1","OPRM1",0.03,0
"GABBR2","OPRM1",0.03,0
"GABRA1","GABRG3",0,0
"GABRA2","GABRG3",0,0
"GABRA4","GABRA5",0,0
"GABRA4","GABRG3",0,0
"GABRA4","GABRG2",0,0
"GABRA4","GABRA1",0,0
"GABRA4","GPHN",0,0
"GABRA4","GABRA2",0,0
"GABRA4","GABRB2",0,0
"GABRA4","GABRB1",0,0
"GABRA5","GABRG3",0,0
"GABRB1","GABRA5",0,0
"GABRB2","GABRA5",0,0
"GABRG2","GPHN",0,0
"GAD1","ALDH3A1",0,0
"GAD2","ALDH3A1",0,0
"GALNT1","BICD2",0,0
"GALNT1","RAB3GAP1",0,0
"GALNT10","MUC5B",0,0
"GALNT11","MUC5B",0,0
"GALNT13","MUC5B",0,0
"GALNT3","MUC5B",0,0
"GALNT7","C1GALT1",0,0
"GALNT8","MUC5B",0,0
"GALNT8","MUC4",0,0
"GALNT8","MUC16",0.12,0
"GALNT8","MUC7",0,0
"GALNT8","MUC6",0,0
"GAPVD1","AP2B1",0,0
"GATA3","NRIP1",0,0
"GATA3","ZFPM2",0,0
"GBE1","MGAM",0,0
"GBP4","NCAM1",0,0
"GBP5","NCAM1",0,0
"GBP7","NCAM1",0,0
"GCK","NUP153",0,0
"GCK","POM121",0,0
"GCK","NUP93",0,0
"GCK","TPR",0,0
"GCK","NUP62",0,0
"GCK","NUP155",0,0
"GCK","NUP214",0,0
"GCK","NEUROD1",0,0
"GCK","GPI",0,0
"GCK","MAP3K1",0,0
"GCK","LCT",0,0
"GCK","NUP210",0,0
"GCK","GCKR",0,0
"GCK","MAP3K8",0,0
"GCKR","TPR",0,0
"GEMIN4","TPR",0,0
"GEMIN5","GEMIN4",0,0
"GFRA2","NCAM1",0,0
"GH2","STAT1",0,0
"GHRHR","ADCYAP1R1",0,0
"GIGYF1","GRB10",0,0
"GJA1","DAB2",0,0
"GLB1","HKDC1",0,0
"GLCE","GPC6",0,0
"GLE1","NUP153",0,0
"GLI1","PSMD11",0,0
"GLI1","TTC21B",0,0
"GLI1","EVC",0,0
"GLI1","IFT172",0,0
"GLI1","IFT88",0,0
"GLI1","DYNC2H1",0,0
"GLI1","SMO",0,0
"GLI1","INTU",0,0
"GLI1","MTSS1",0,0
"GLI1","SPOPL",0,0
"GLI1","RPGRIP1L",0,0
"GLI1","PTCH1",0,0
"GLI1","GLI2",0,0
"GLI1","SPOP",0,0
"GLI1","KIF7",0,0
"GLI1","EVC2",0,0
"GNA11","PLCB2",0,0
"GNA11","HRH1",0,0
"GNA11","PLCB1",0,0
"GNA11","CHRM1",0,0
"GNA11","NPFFR2",0,0
"GNA11","ESR1",0,0
"GNA11","EDNRA",0,0
"GNA11","PRKCA",0,0
"GNA11","F2R",0,0
"GNA11","CASR",0,0
"GNA11","BDKRB2",0,0
"GNA11","TRPC6",0,0
"GNA11","KALRN",0,0
"GNA11","PLCB4",0,0
"GNA11","PLA2G4A",0,0
"GNA11","TRIO",0,0
"GNA11","GNB3",0.01,0
"GNA11","ADRA1A",0,0
"GNA11","LPAR1",0,0
"GNA11","GPR39",0,0
"GNA11","ESR2",0,0
"GNA11","OPN4",0,0
"GNA11","GRM5",0,0
"GNA11","PIK3R2",0,0
"GNA11","GRM1",0,0
"GNA11","CCKAR",0.81,0
"GNA11","PIK3R1",0,0
"GNAZ","ADRA2B",0,0
"GNB3","PTGER2",0,0
"GNB3","KCNJ12",0,0
"GNB3","GHRHR",1,0
"GNB3","CALCRL",0,0
"GNB3","PTHLH",0,0
"GNB3","PRKCH",0,0
"GNB3","ITPR2",0,0
"GNB3","FSHR",0,0
"GNB3","RXFP1",0,0
"GNB3","TAAR9",0,0
"GNB3","ARHGEF12",0,0
"GNB3","ITPR1",0,0
"GNB3","GNAS",0,0
"GNB3","CRHR1",0,0
"GNB3","MC3R",0,0
"GNB3","PDE6B",0,0
"GNB3","KCNJ15",0,0
"GNB3","TAAR1",0,0
"GNB3","ADCYAP1R1",0,0
"GNB3","KCNJ2",0,0
"GNB3","ITPR3",0,0
"GNB3","LHCGR",0.56,0
"GNB3","GPR83",0,0
"GNB3","FZD6",0,0
"GNL2","TBL3",0,0
"GNPAT","UBC",0,0
"GNPTAB","ZNF274",0,0
"GOLGA5","GOLIM4",0,0
"GOLGA5","MAN2A1",0,0
"GOLGA5","COG5",0,0
"GOLGA5","COG3",0,0
"GOLGA5","CUX1",0,0
"GOLGA5","COG1",0,0
"GOLGA5","MAN2A2",0,0
"GOLGB1","SPTBN2",0,0
"GOLIM4","MAN2A2",0,0
"GP5","PIK3R1",0,0
"GPAM","AGK",0,0
"GPAM","GK2",0.43,0
"GPATCH1","PRPF19",0,0
"GPC2","GPC6",0,0
"GPC2","EXT1",0,0
"GPC6","SDC1",0.02,0.04
"GPHN","GABRA2",0,0
"GPR37","OPRM1",0.03,0
"GPR39","ADCYAP1R1",0,0
"GPR55","OPRM1",0.01,0
"GPR83","PTGER2",0,0
"GPR84","ADCYAP1R1",0,0
"GPSM1","OPRM1",0.03,0
"GRB10","GRB7",0,0
"GRB14","INSR",0.01,0.03
"GRB7","GFRA2",0,0
"GRHL1","CHD9",0,0
"GRIA1","GRIN2B",0,0
"GRIA2","KIF5C",0,0
"GRIA4","GRIP1",0,0
"GRIN2A","GRIN2B",0,0
"GRIN2C","GRIN2B",0,0
"GRIN2D","GRIN2B",0,0
"GRIN2D","GRIA2",0,0
"GRIN2D","GRIN3A",0,0
"GRIN2D","DLG2",0,0
"GRIN2D","SIPA1L1",0,0
"GRIN3A","GRIN2B",0,0
"GRIP1","ESR1",0,0
"GRM1","CALCRL",0,0
"GRM2","OPRM1",0.01,0
"GRM3","OPRM1",0.03,0
"GRM4","FPR2",0,0
"GRM5","EDNRA",0,0
"GRM7","OPRM1",0,0
"GRM8","OPRM1",0.03,0
"GRN","MPO",0,0
"GTSE1","UBC",0,0
"GUSB","PRKCD",0,0
"GYS1","ENPP1",0,0
"GYS1","NHLRC1",0,0
"GZMA","CD36",0,0
"HADHB","ACOX3",0,0
"HAL","CNDP2",0,0
"HAL","AMDHD1",0,0
"HAL","CNDP1",0,0
"HAO1","HSD17B4",0,0
"HDAC1","NRIP1",0,0
"HDAC11","HIST2H2BE",0,0
"HDAC4","NUP153",0,0
"HDAC5","ATF2",0,0
"HDAC5","HDAC11",0,0
"HDAC5","MAML3",0,0
"HDAC5","MEF2D",0,0
"HDAC5","MEF2C",0,0
"HDAC5","NCOR2",0,0
"HDAC5","MAML1",0,0
"HDAC5","NOTCH1",0,0
"HDAC5","DDX20",0,0
"HDAC5","PHF12",0,0
"HDAC5","HDAC9",0,0
"HDAC5","HDAC4",0,0
"HDAC9","NUP153",0,0
"HEATR1","TBL3",0,0
"HELQ","POLN",0,0
"HGF","TNS3",0,0
"HGF","PTPN2",0,0
"HGF","F13A1",0,0
"HGF","DOCK7",0,0
"HGF","PROS1",0,0
"HGF","HPN",0,0
"HGF","ISLR",0,0
"HGF","SCCPDH",0,0
"HGF","TNS4",0,0
"HGF","LRIG1",0,0
"HGF","SERPING1",0,0
"HGF","RAPGEF1",0,0
"HGF","MMRN1",0,0
"HIP1","SYNJ2",0,0
"HIRA","UBN1",0,0
"HIRA","HIST1H1C",0,0
"HIST1H1C","UBN1",0,0
"HIST1H3F","HIST1H3B",0,0
"HIST1H3G","HIST1H3B",0,0
"HIST2H2BE","POLR1B",0,0
"HIST2H2BE","H2AFY2",0,0
"HK2","PGM2",0,0
"HK3","PGM2",0,0
"HKDC1","PGM2",0,0
"HMGCS2","CHD9",0,0
"HMGXB4","CECR2",0,0
"HMGXB4","BAZ1A",0,0
"HMGXB4","NCOR1",0,0
"HNF1A","RPS6KA1",0,0
"HNRNPA2B1","CHERP",0,0
"HNRNPL","DDX5",0,0
"HNRNPL","RBM14",0,0
"HNRNPL","SYNCRIP",0,0
"HNRNPM","CHERP",0,0
"HNRNPU","HNRNPM",0,0
"HNRNPU","CSDE1",0,0
"HNRNPUL1","CHERP",0,0
"HPSE","CYFIP1",0,0
"HRH1","CASR",0,0
"HRNR","PRKCD",0,0
"HS3ST2","GPC6",0,0
"HS6ST1","GPC6",0,0
"HSD11B1","CYP21A2",0,0
"HSD17B4","UBC",0,0
"HSP90AB1","NRIP1",0,0
"HSP90B1","AMBN",0,0
"HSPA2","NUP153",0,0
"HSPA4","NUP153",0,0
"HSPA4","DNAJC2",0,0
"HSPA4","HSPH1",0,0
"HSPA4","DNAJB4",0,0
"HSPA8","NUP153",0,0
"HSPD1","SLC25A13",0,0
"HSPG2","GPC6",0,0
"HSPH1","DNAJC3",0,0
"HTR1A","OPRM1",0.02,0
"HTR1A","HTR3A",0.41,0
"HTR1B","OPRM1",0.01,0
"HTR1D","OPRM1",0.01,0
"HTR1E","OPRM1",0.01,0
"HTR1F","LPAR1",0,0
"HTR5A","OPRM1",0.01,0
"HVCN1","ITGAM",0,0
"IDH1","CYFIP1",0,0
"IFI44","OAS1",0,0
"IFT172","GLI3",0,0
"IFT81","CLUAP1",0,0
"IFT81","DYNC2LI1",0,0
"IFT81","KIF17",0,0
"IFT81","TRAF3IP1",0,0
"IFT81","WDR19",0,0
"IFT81","WDR35",0,0
"IFT88","KIFAP3",0,0
"IGF1R","PRKCD",0,0
"IGF1R","PRKD1",0,0
"IGF2R","AP1B1",0,0
"IKBKB","RPS6KA1",0,0
"IKBKE","TNFAIP3",0,0
"IL15","JAK3",0,0
"IL17RD","CNKSR1",0,0
"IL22RA1","IL10RB",0,0
"IL22RA1","IL22RA2",0.29,0
"IL22RA2","JAK1",0,0
"IL2RB","SYK",0,0
"IL2RB","JAK1",0,0
"IL2RB","IRS1",0,0
"IL2RB","STAT1",0,0
"IL2RB","STAT5B",0,0
"IL2RB","JAK3",0,0
"IL2RB","DOK2",0,0
"IL2RB","INPP5D",0,0
"IL2RB","JAK2",0,0
"IL2RB","STAT3",0,0
"IL2RB","IL5RA",0,0
"IL2RB","PIK3CD",0,0
"IL2RB","GAB2",0,0
"IL2RB","CSF2RB",0,0
"IL2RB","SOS2",0,0
"IL2RB","SOS1",0,0
"IL2RB","IL15",0,0
"IL2RB","PIK3CB",0,0
"IL2RB","PTK2B",0,0
"IL2RB","STAT5A",0,0
"IL2RB","INPPL1",0,0
"IL4R","JAK3",0,0
"IL5RA","LYN",0,0
"INO80","EP400",0,0
"INPP5D","IL5RA",0,0
"INPP5J","MINPP1",0,0
"INPPL1","MET",0,0
"INPPL1","MINPP1",0,0
"INPPL1","TPTE2",0,0
"INSR","SORBS1",0,0
"INTS1","INTS2",0,0
"INTS2","RPAP2",0,0
"INTS3","INTS2",0,0
"INTS3","ZMYND8",0,0
"INTS3","ZNF687",0,0
"INTS3","ZNF592",0,0
"INTS5","INTS2",0,0
"INTS7","INTS2",0,0
"INTS8","RPAP2",0,0
"INTU","GLI3",0,0
"IPO8","NUP153",0,0
"IQCB1","AKAP9",0,0
"IQGAP3","CLIP1",0,0
"IRAK2","MAP3K7",0,0
"IRF6","JUN",0,0
"IRF9","NCAM1",0,0
"IRS1","JAK3",0,0
"ITGA1","COL16A1",0,0
"ITGA1","CAPN2",0,0
"ITGA10","COL16A1",0,0
"ITGA2","COL16A1",0,0
"ITGA2B","SYK",0,0
"ITGA4","RHOA",0,0
"ITGA6","LAMA2",0,0
"ITGAD","ITGA4",0,0
"ITGAL","ITGAM",0,0
"ITGAM","MGAM",0,0
"ITGAV","SYK",0,0
"ITGAV","FBN2",0,0
"ITGAV","TGFBI",0,0
"ITGAV","ITGAD",0,0
"ITGAV","ANGPTL3",0,0
"ITGAX","FPR2",0,0
"ITGB1","ITGAM",0,0
"ITGB3","TLN2",0,0
"ITGB6","FBN2",0,0
"ITIH2","CHGB",0,0
"ITK","LYN",0,0
"ITPR1","ANK2",0,0
"ITPR1","STIM1",0,0
"ITPR2","SOS1",0,0
"ITPR3","SOS1",0,0
"ITSN1","AP2B1",0,0
"ITSN2","AP2B1",0,0
"JAK1","PRKCD",0,0
"JAK1","CSF3R",0,0
"JAK2","PRKCD",0,0
"JAK3","TYK2",0,0
"JMY","UBC",0,0
"JUN","FAT1",0,0
"KALRN","HRH1",0,0
"KALRN","MAPK6",0,0
"KAT2B","E2F1",0,0
"KAT2B","MYBBP1A",0,0
"KAT2B","DEK",0,0
"KAT2B","DDX21",0,0
"KAT2B","MYSM1",0,0
"KCNA1","KCNAB1",0,0
"KCNA10","KCNAB2",0.22,0.54
"KCNA3","KCNAB2",0.01,0.02
"KCNA4","KCNAB2",0.01,0.02
"KCNA5","KCNAB2",0.01,0.02
"KCNA5","KCNAB1",0,0
"KCNAB2","ITGAM",0,0
"KCNAB2","KCNA1",0,0
"KCND2","KCNAB2",0.01,0.02
"KCND3","KCNAB2",0.01,0.02
"KCNF1","KCNAB2",0.01,0.02
"KCNG4","KCNAB2",0.02,0.04
"KCNH1","KCNAB2",0.01,0.02
"KCNH3","KCNAB2",0.01,0.02
"KCNH5","KCNAB2",0.01,0.02
"KCNJ15","GABBR1",0,0
"KCNQ4","KCNAB2",0.01,0.02
"KDM1A","ESR1",0,0
"KDM5B","TFAP2A",0,0
"KDR","BCAR1",0,0
"KEAP1","PRKCB",0,0
"KEAP1","RNF220",0,0
"KEAP1","RNF111",0,0
"KEAP1","SMAD3",0,0
"KEAP1","SMAD2",0,0
"KEAP1","TULP4",0,0
"KEAP1","SOCS6",0,0
"KEAP1","HERC4",0,0
"KEAP1","RNF213",0,0
"KEAP1","HECW2",0,0
"KEAP1","HERC1",0,0
"KEAP1","HACE1",0,0
"KEAP1","UBE3C",0,0
"KEAP1","CCNF",0,0
"KEAP1","LNX1",0,0
"KEAP1","NFE2L2",0,0
"KEAP1","TRAF7",0,0
"KEAP1","ANAPC4",0,0
"KEAP1","CBLB",0,0
"KEAP1","SQSTM1",0,0
"KEAP1","FBXO21",0,0
"KEAP1","COPS3",0,0
"KEAP1","LMO7",0,0
"KEAP1","FBXO31",0,0
"KEAP1","SMURF2",0,0
"KEAP1","UBR1",0,0
"KEAP1","FBXO17",0,0
"KHK","HKDC1",0,0
"KHK","ALDOB",0,0
"KHSRP","ELAVL1",0,0
"KIAA0319","AP2B1",0,0
"KIAA1549","ITGB3",0,0
"KIF15","SPTBN2",0,0
"KIF17","CREM",0,0
"KIF17","FHL5",0,0
"KIF17","TNPO1",0,0
"KIF20A","SPTBN2",0,0
"KIF2A","SPTBN2",0,0
"KIF4B","SPTBN2",0,0
"KIF5A","SPTBN2",0,0
"KIF5C","KLC1",0,0
"KIF7","GLI3",0,0
"KIFAP3","SPTBN2",0,0
"KIR2DL4","B2M",0,0
"KIR3DL1","B2M",0,0
"KIR3DL2","B2M",0,0
"KIR3DL2","KLRC1",0,0
"KIT","GRB7",0,0
"KIT","PTPRU",0,0
"KITLG","MCM7",0,0
"KITLG","TEC",0,0
"KITLG","STAP1",0,0
"KITLG","GLI3",0,0
"KITLG","GRB10",0,0
"KITLG","PTPRO",0,0
"KITLG","DOK1",0,0
"KLC1","SPTBN2",0,0
"KLK3","PKN1",0,0
"KLK5","DSG4",0.02,0
"KLRC1","B2M",0,0
"KNTC1","CLIP1",0,0
"KPNA2","NUP153",0,0
"KPNB1","PTPN2",0,0
"KRAS","SPTBN2",0,0
"KRAS","GRIN2B",0,0
"KRAS","DAB2IP",0,0
"KRAS","RASA3",0,0
"KRAS","RASAL2",0,0
"KRAS","GRIN2D",0,0
"KRAS","GRIN2C",0,0
"KRAS","RASGRP2",0,0
"KRAS","SPRED1",0,0
"KRAS","SYNGAP1",0,0
"KRAS","RIN1",0,0
"KRAS","RASGRF2",0,0
"KRAS","GRIN2A",0,0
"KRAS","RASGRP4",0,0
"KSR2","ITGB3",0,0
"LAMA1","LAMA2",0,0
"LAMA2","PAK4",0,0
"LAMA3","LAMA2",0,0
"LAMA4","LAMA3",0,0
"LAMA5","LAMA3",0,0
"LAMB1","HSP90B1",0,0
"LAMB1","CHRNA1",0.41,0
"LAMB1","AGRN",0,0
"LAMB1","TMPRSS6",0,0
"LAMB1","UTRN",0,0
"LAMB2","PAK4",0,0
"LAMB3","PAK4",0,0
"LAMC1","LAMA3",0,0
"LAMC3","LAMA2",0,0
"LCE1C","TCHH",0,0
"LCT","HKDC1",0,0
"LDLR","AP2B1",0,0
"LEPR","JAK2",0,0
"LHCGR","ADCYAP1R1",0,0
"LIFR","TYK2",0,0
"LILRA1","B2M",0,0
"LILRA4","B2M",0,0
"LILRB1","B2M",0,0
"LILRB3","B2M",0,0
"LIMK1","LIMK2",0,0
"LIMK2","RHOA",0,0
"LIN54","MYBL1",0,0
"LINGO1","RHOA",0,0
"LLGL1","DLG1",0,0
"LLGL1","SCRIB",0,0
"LLGL2","NRG1",0,0
"LMOD1","SORBS1",0,0
"LONP2","CCT3",0,0
"LPA","ITGAM",0,0
"LPAR1","OPRM1",0.03,0
"LPIN1","PRKCA",0,0
"LPIN2","PRKCB",0,0
"LPIN2","LPIN1",0,0
"LPIN2","LPIN3",0,0
"LPIN3","LPIN1",0,0
"LRIG1","EGFR",0,0
"LRP12","GPC6",0,0
"LRP2","SYNJ2",0,0
"LRP5","UBC",0,0
"LRP6","FZD7",0,0
"LRP6","WIF1",0,0
"LRP8","GRIN2B",0,0
"LRRC7","DOCK2",0,0
"LRRC7","LTF",0,0
"LRRC7","CYFIP1",0,0
"LRRC7","SPTAN1",0,0
"LRRC7","NFKB1",0,0
"LRRC7","CHI3L1",0,0
"LRRC7","CHIT1",0,0
"LRRC7","HPSE",0,0
"LRRC7","OLFM4",0,0
"LRRC7","B2M",0,0
"LRRC7","KPNB1",0,0
"LRRC7","VCL",0,0
"LRRFIP1","MYO18A",0,0
"LTF","DOCK2",0,0
"LTF","SEMG1",0,0
"LYN","GRIN2B",0,0
"MAD1L1","CLIP1",0,0
"MAD2L1","TOP2A",0,0
"MADD","CASP8",0,0
"MAG","RHOA",0,0
"MALT1","MAP3K7",0,0
"MAML1","PLXND1",0,0
"MAML3","WWC1",0,0
"MAN2A1","CUX1",0,0
"MAN2B1","DNAJC3",0,0
"MAP2K1","AKAP9",0,0
"MAP2K3","MAP3K4",0,0
"MAP3K10","MAP2K3",0,0
"MAP3K11","MAP2K3",0,0
"MAP3K4","MAP2K4",0,0
"MAP3K7","HIPK2",0,0
"MAP3K7","PPM1L",0,0
"MAP3K8","MAP2K1",0,0
"MAP4K4","MAP3K1",0,0
"MAPK4","XPO1",0,0
"MAPK6","PSMD4",0,0
"MAPK6","MAPK4",0,0
"MAPK6","CDC14A",0,0
"MAPK7","RPS6KA1",0,0
"MAPT","CAMK2A",0,0
"MBD5","UBC",0,0
"MBTPS1","ENAM",0,0
"MC3R","PTGER2",0,0
"MCM10","RECQL4",0,0
"MCM3AP","NXF1",0,0
"MCM5","MCM6",0,0
"MCM5","SSRP1",0,0
"MCM5","NASP",0,0
"MCM5","CHEK2",0,0
"MCM5","CHAF1A",0,0
"MCM5","UHRF1",0,0
"MCM6","POLE",0,0
"MCM7","TOP2A",0,0
"MDM2","E2F1",0,0
"MDM2","PIAS2",0,0
"MDM2","JMY",0,0
"MDM2","MDM4",0,0
"MDM4","TNRC6B",0,0
"MED1","NR2E1",0,0
"MED1","ESRRG",0,0
"MED1","NR4A2",0,0
"MEF2C","E2F1",0,0
"MEF2D","NFATC2",0,0
"MEF2D","PPP3CA",0,0
"MEF2D","MAPK7",0,0
"MELK","TOP2A",0,0
"MERTK","PROS1",0,0
"MET","LAMA3",0,0
"MFAP1","TCERG1",0,0
"MFN1","UBC",0,0
"MGAM","FPR2",0,0
"MIA3","CHGB",0,0
"MIB1","DLL1",0,0
"MIB1","MARK2",0,0
"MINPP1","SYNJ1",0,0
"MKI67","TOP2A",0,0
"MLH1","PMS2",0,0
"MLH1","PMS1",0,0
"MLH1","BRIP1",0,0
"MLH1","MLH3",0,0
"MLH1","MSH5",0,0
"MLH1","BLM",0,0
"MLH1","MSH6",0,0
"MLH1","BRCA2",0,0
"MLH1","MSH4",0,0
"MLH3","HIST2H2BE",0,0
"MMP14","LAMA3",0,0
"MMP15","NID1",0,0
"MMP25","ITGAM",0,0
"MMP3","COL9A3",0.4,0.99
"MMRN1","SERPINA1",0,0
"MNDA","PRKCD",0,0
"MOV10","TNRC6B",0,0
"MPHOSPH10","TBL3",0,0
"MPHOSPH10","NMD3",0,0
"MPHOSPH10","DNTTIP2",0,0
"MPO","PRKCD",0,0
"MSH4","PMS2",0,0
"MSH6","PMS2",0,0
"MSH6","SMC5",0,0
"MSH6","FANCM",0,0
"MTA2","UBTF",0,0
"MTMR4","SMAD3",0,0
"MTOR","RRAGD",0,0
"MTSS1","GLI2",0,0
"MUC16","C1GALT1",0,0
"MUC16","GALNT6",0,0
"MUC16","GALNT11",0,0
"MUC16","GALNTL5",0,0
"MUC4","GALNT6",0,0
"MUC5B","GALNT6",0,0
"MUC6","GALNT6",0,0
"MUC7","GALNT6",0,0
"MUSK","AGRN",0,0
"MX1","OAS1",0,0
"MX2","OAS1",0,0
"MYB","SND1",0,0
"MYBBP1A","TBL3",0,0
"MYBL2","LIN54",0,0
"MYBL2","FOXM1",0,0
"MYBL2","RBL1",0,0
"MYF5","MEF2D",0,0
"MYF6","MYF5",0,0
"MYF6","TCF3",0,0
"MYF6","TCF12",0,0
"MYH4","ACTN2",0,0
"MYLK","SORBS1",0,0
"MYO10","ACTG1",0,0
"MYSM1","UBC",0,0
"NAA25","PAK4",0,0
"NASP","CDCA7",0,0
"NAT10","TBL3",0,0
"NBEAL2","ITGAM",0,0
"NBR1","UBC",0,0
"NCAM1","CIITA",0,0
"NCAN","TNR",0,0
"NCAN","CSGALNACT2",0,0
"NCAN","CHSY3",0,0
"NCAN","XYLT1",0,0
"NCAN","TNXB",0,0
"NCAN","CHSY1",0,0
"NCAN","PTPRZ1",0,0
"NCAN","CSPG4",0,0
"NCAPD2","PRKACG",0,0
"NCF2","VAV3",0,0
"NCF4","VAV1",0,0
"NCL","ITGB3",0,0
"NCOA2","CHD9",0,0
"NCOR1","NRIP1",0,0
"NCOR2","CHD9",0,0
"NDC80","ZWILCH",0,0
"NDST1","GPC6",0,0
"NEK9","NUP153",0,0
"NEK9","BICD2",0,0
"NEO1","MYO10",0,0
"NEUROD1","TCF12",0,0
"NEUROG3","NEUROD1",0,0
"NF1","POU2F1",0,0
"NFASC","SPTBN2",0,0
"NFATC1","KPNA2",0,0
"NFATC2","CABIN1",0,0
"NFATC3","JUN",0,0
"NFE2L2","PRKCA",0,0
"NFKB1","ITGAM",0,0
"NFKB1","RPS6KA5",0,0
"NFKB1","TYK2",0,0
"NFKB1","IRAK2",0,0
"NFKB1","REL",0,0
"NFKB1","MALT1",0,0
"NFRKB","UBC",0,0
"NGEF","RHOT1",0,0
"NHLRC1","UBC",0,0
"NID1","LAMA3",0,0
"NID2","LAMA3",0,0
"NID2","NID1",0,0
"NID2","LAMC3",0,0
"NIPBL","SMC3",0,0
"NLGN1","DLGAP2",0,0
"NLGN2","DLGAP2",0,0
"NMD3","RRP12",0,0
"NOD1","MAP3K7",0,0
"NOD1","CARD9",0,0
"NOD1","TNFAIP3",0,0
"NOD1","CASP2",0,0
"NOD1","MAP2K3",0,0
"NOD1","MAP2K4",0,0
"NOL6","TBL3",0,0
"NOP14","TBL3",0,0
"NOP2","TBL3",0,0
"NOP58","TBL3",0,0
"NOS2","ACOX3",0,0
"NOS2","FAT1",0,0
"NOS3","ARNT",0,0
"NOTCH1","E2F1",0,0
"NOTCH2","DLL1",0,0
"NOTCH2","TNRC6B",0,0
"NOTCH2","MOV10",0,0
"NOTCH2","ST3GAL3",0,0
"NOTCH2","ATP2A2",0,0
"NOTCH2","TNRC6A",0,0
"NOTCH2","ATP2A1",0,0
"NOTCH2","DTX1",0,0
"NOTCH2","PSEN2",0,0
"NOTCH2","CNTN1",0,0
"NOTCH3","DLL1",0,0
"NOTCH3","WWC1",0,0
"NPAS2","NRIP1",0,0
"NPBWR1","OPRM1",0.01,0
"NPFFR2","HRH1",0,0
"NPHS1","ACTN3",0,0
"NPLOC4","UBC",0,0
"NPLOC4","FAF1",0,0
"NPY1R","OPRM1",0.03,0
"NPY2R","OPRM1",0,0
"NR2E1","JUN",0,0
"NRBP1","MED1",0,0
"NRG1","GRB7",0,0
"NRG2","GRB7",0,0
"NRG3","RHOA",0,0
"NRP1","DPYSL3",0,0
"NTRK1","AP2B1",0,0
"NTRK2","GRIN2B",0,0
"NTRK3","SOS1",0,0
"NUDT7","ACOX3",0,0
"NUMBL","NOTCH1",0,0
"NUMBL","NOTCH2",0,0
"NUP133","ZWILCH",0,0
"NUP153","NUP62",0,0
"NUP155","GEMIN5",0,0
"NUP155","HSPA5",0,0
"NUP155","GLE1",0,0
"NUP155","NEK9",0,0
"NUP155","NXF1",0,0
"NUP155","IPO8",0,0
"NUP155","HSPA4",0,0
"NUP155","GEMIN4",0,0
"NUP155","HSPA2",0,0
"NUP155","XPOT",0,0
"NUP210","GEMIN5",0,0
"NUP210","KPNA2",0,0
"NUP214","NUP153",0,0
"NUP43","NUP153",0,0
"NUP62","CPSF1",0,0
"NUP93","NUP153",0,0
"NXF1","NUP153",0,0
"OAS1","TRIM3",0,0
"OAS2","TRIM3",0,0
"OAS3","TRIM3",0,0
"OAS3","NCAM1",0,0
"OAS3","ADAR",0,0
"OAS3","SP100",0,0
"OAS3","OAS1",0,0
"OAS3","GBP5",0,0
"OAS3","IRF9",0,0
"OAS3","VCAM1",0,0
"OAS3","OAS2",0,0
"OAS3","GBP7",0,0
"OAS3","IFI35",0,0
"OAS3","TRIM29",0,0
"OAS3","TRIM6",0,0
"OAS3","IRF6",0,0
"OAS3","SAMHD1",0,0
"OAS3","IFI44",0,0
"OAS3","MX2",0,0
"OAS3","MX1",0,0
"OAS3","TRIM10",0,0
"OAS3","GBP4",0,0
"OAS3","CIITA",0,0
"OLFM4","DOCK2",0,0
"OLFM4","ALDOA",0,0
"OPN4","HRH1",0,0
"OPRL1","OPRM1",0.02,0
"OPRM1","PDYN",0,0
"OPTN","SQSTM1",0,0
"OTUD7B","TNFAIP3",0,0
"OXER1","OPRM1",0.03,0
"OXSM","FASN",0,0
"P4HA1","COL16A1",0,0
"PADI2","DSN1",0,0
"PAG1","ZAP70",0,0
"PAG1","PDGFRB",0,0
"PAK1","LAMA3",0,0
"PAK1","MUSK",0.31,0
"PAK1","NCF2",0,0
"PAK1","MAP3K4",0,0
"PAK1","DSCAM",0,0
"PAPOLA","HNRNPM",0,0
"PAX5","PRDM1",0,0
"PCBP2","CHERP",0,0
"PDCD10","PTPN13",0,0
"PDCD11","TBL3",0,0
"PDGFRA","GRB7",0,0
"PDGFRB","GRB7",0,0
"PDGFRB","DOCK4",0,0
"PDLIM7","GFRA2",0,0
"PDS5A","ZWILCH",0,0
"PDS5B","CLIP1",0,0
"PDYN","FPR2",0,0
"PES1","TBL3",0,0
"PFKM","PFKP",0,0
"PFKP","ALDOA",0,0
"PGM5","GPI",0,0
"PHC2","JUN",0,0
"PHC2","AEBP2",0,0
"PHC2","BAP1",0,0
"PHC2","ASXL1",0,0
"PHC2","EZH1",0,0
"PHF12","CHD4",0,0
"PIH1D1","NOP58",0,0
"PIK3C2A","AP1B1",0,0
"PIK3CB","PRKCD",0,0
"PIK3CD","CD19",0,0
"PIK3R1","AGAP2",0,0
"PIK3R2","SYK",0,0
"PIK3R2","NPHS1",0,0
"PIK3R2","NTRK1",0,0
"PIK3R2","VAV3",0,0
"PIK3R2","PIK3R5",0,0
"PIK3R2","KDR",0,0
"PIK3R2","PIK3CG",0,0
"PIK3R2","FGF18",0,0
"PIK3R2","RET",0,0
"PIK3R2","GFRA2",0,0
"PIK3R2","IGF1R",0,0
"PIK3R2","KIT",0,0
"PIK3R2","PDGFRA",0,0
"PIK3R2","FGFR4",0,0
"PIK3R2","ERBB4",0,0
"PIK3R2","VAV2",0,0
"PIK3R2","AXL",0,0
"PIK3R2","SH2D2A",0,0
"PIK3R2","PIK3R6",0,0
"PIK3R2","PIP5K1C",0,0
"PIK3R2","ARHGEF1",0,0
"PIK3R2","PLCG2",0,0
"PIK3R5","LYN",0,0
"PIP4K2C","PLCE1",0,0
"PIP4K2C","PLCD4",0,0
"PIP5K1C","PIK3R6",0,0
"PITPNM1","PTK2B",0,0
"PITX2","TRRAP",0,0
"PKN1","AKAP9",0,0
"PKN2","CDC5L",0,0
"PKN3","PKN2",0,0
"PKN3","PKN1",0,0
"PKP1","DSC2",0,0
"PKP2","DSG1",0,0
"PKP2","DSC2",0,0
"PKP2","DSG4",0.09,0
"PKP2","TGM1",0,0
"PKP2","DSG3",0.09,0
"PKP2","GJA1",0,0
"PKP2","PKP1",0,0
"PKP2","KLK5",0,0
"PKP2","DSC1",0,0
"PKP2","DSP",0,0
"PKP2","EVPL",0,0
"PKP2","TCHH",0,0
"PLA2G4A","SYK",0,0
"PLAU","ITGAM",0,0
"PLCB1","PRKCD",0,0
"PLCB2","HRH1",0,0
"PLCB2","TGM2",0,0
"PLCB4","HRH1",0,0
"PLCD4","PIP5K1C",0,0
"PLCE1","PIP5K1C",0,0
"PLCG1","SYK",0,0
"PLCG1","PIP4K2C",0.06,0.2
"PLCG1","FLT1",0,0
"PLCG1","TXK",0,0
"PLCG1","TRPC3",0,0
"PLCG1","NTRK2",0,0
"PLCG1","NTRK3",0,0
"PLCG1","GHR",0,0
"PLCG1","TRPC1",0,0
"PLCG1","GAD1",0,0
"PLCG1","TRPC4",0,0
"PLCG1","ALK",0,0
"PLCZ1","PIP4K2C",0.42,1
"PLD1","ITGAM",0,0
"PLEKHG2","RHOA",0,0
"PLIN2","CHD9",0,0
"PLK4","AKAP9",0,0
"PMS2","EXO1",0,0
"POLN","UBC",0,0
"POLR1B","TBL3",0,0
"POLR2A","CPSF1",0,0
"POLR3A","POLR1B",0,0
"POM121","NUP62",0,0
"POU2F1","INTS2",0,0
"POU4F2","ESR1",0,0
"PPARA","CHD9",0,0
"PPARG","ATN1",0,0
"PPARG","ZNF423",0,0
"PPARG","ZNF638",0,0
"PPARG","HSD11B1",0,0
"PPARG","ZNF467",0,0
"PPARGC1A","NRIP1",0,0
"PPARGC1A","PPRC1",0,0
"PPARGC1A","PPARGC1B",0,0
"PPARGC1A","NRF1",0,0
"PPARGC1B","STAT1",0,0
"PPP1R15B","PPP3CA",0,0
"PPP1R3A","INSR",0.1,0.38
"PPP2R1A","AKAP9",0,0
"PPP2R1A","PPP4R2",0,0
"PPP2R1A","PPP1R15B",0,0
"PPP2R5B","LRP6",0,0
"PPP2R5B","APC",0,0
"PPP2R5B","NDC80",0,0
"PPP2R5B","RANGAP1",0,0
"PPP2R5B","CENPF",0,0
"PPP2R5B","LRP5",0,0
"PPP2R5B","SMC3",0,0
"PPP2R5B","STAG1",0,0
"PPP2R5B","CENPL",0,0
"PPP2R5B","PDS5B",0,0
"PPP2R5B","XPO1",0,0
"PPP2R5B","PDS5A",0,0
"PPP2R5B","RAF1",0,0
"PPP2R5B","AXIN1",0,0
"PPP2R5B","CLASP1",0,0
"PPP2R5B","AKT3",0,0
"PPP2R5B","TAOK1",0,0
"PPP2R5B","NUP43",0,0
"PPP2R5B","ZWILCH",0,0
"PPP2R5B","INSR",0.01,0.03
"PPP2R5B","CLIP1",0,0
"PPP2R5B","FZD1",0,0
"PPP2R5B","MAD2L1",0,0
"PPP2R5B","MAD1L1",0,0
"PPP2R5B","KNTC1",0,0
"PPP2R5B","PPP2R5D",0,0
"PPP2R5B","BUB3",0,0
"PPP2R5B","BUB1",0,0
"PPP2R5B","SEC13",0,0
"PPP2R5B","FZD2",0,0
"PPP2R5B","NUP133",0,0
"PPP2R5B","PPP2R1A",0,0
"PPP2R5B","AKT2",0,0
"PPP2R5B","ESPL1",0,0
"PPP2R5B","SKA1",0,0
"PPP2R5D","UBC",0,0
"PPP3CA","EPN1",0,0
"PPP4R2","PPP3CA",0,0
"PPRC1","NRF1",0,0
"PRCC","HNRNPM",0,0
"PRDX1","TP53",0,0
"PRICKLE2","VANGL2",0,0
"PRKAA1","RRAGD",0,0
"PRKACG","GLI3",0,0
"PRKCA","GRIA1",0,0
"PRKCB","GRIP1",0,0
"PRKCD","BCAR1",0,0
"PRKCH","PRKCD",0,0
"PRKCQ","PRKCB",0,0
"PRKD1","SOS1",0,0
"PRLR","GHR",0,0
"PRMT5","ARID1A",0,0
"PRMT5","PRMT7",0,0
"PROC","HSP90B1",0,0
"PROC","SERPINA5",0,0
"PROC","GP5",0,0
"PROS1","ACTN2",0,0
"PRPF19","HNRNPM",0,0
"PRPF3","HNRNPM",0,0
"PRPF39","SNRPN",0,0
"PRPF4","CHERP",0,0
"PRPF6","HNRNPM",0,0
"PRPF6","MFAP1",0,0
"PRPF8","CPSF1",0,0
"PSG1","SDC1",0.02,0.04
"PSG11","SDC1",0.13,0.25
"PSG3","SDC1",0.02,0.04
"PSG6","SDC1",0.13,0.24
"PSG8","SDC1",0.35,0.68
"PSMC6","CCNE2",0,0
"PSMD1","CCNE2",0,0
"PSMD11","CCNE2",0,0
"PSMD11","GTSE1",0,0
"PSMD11","TNKS2",0,0
"PSMD12","CCNE2",0,0
"PSMD3","CCNE2",0,0
"PSMD4","CCNE2",0,0
"PTBP1","CHERP",0,0
"PTCH1","GLI2",0,0
"PTGER2","ADCYAP1R1",0,0
"PTGER3","OPRM1",0.03,0
"PTHLH","ADCYAP1R1",0,0
"PTK2","SYK",0,0
"PTK2B","JAK3",0,0
"PTPN13","LYN",0,0
"PTPN2","SOS1",0,0
"PTPN23","SMAD3",0,0
"PTPN3","EPN1",0,0
"PTPN4","SMAD3",0,0
"PTPRB","ITGAM",0,0
"PTPRC","ITGAM",0,0
"PTPRJ","ITGAM",0,0
"PTPRO","KIT",0,0
"PTPRZ1","CNTN1",0,0
"PUM1","HSPA8",0,0
"PWP2","TBL3",0,0
"PYGB","MPO",0,0
"PYGL","MGAM",0,0
"PYGM","MGAM",0,0
"PYGM","PGM2",0,0
"PYGM","AGL",0,0
"PYGM","PYGL",0,0
"PYGM","ENPP1",0,0
"PYGM","GBE1",0,0
"PYGM","UGP2",0,0
"PYGM","PHKB",0,0
"QSOX1","CHGB",0,0
"RAB3GAP2","ACTR1A",0,0
"RAF1","BRAP",0,0
"RALBP1","CASP8",0,0
"RALBP1","RHOA",0,0
"RALBP1","RHOT1",0,0
"RALBP1","RHOBTB2",0,0
"RALBP1","KRAS",0,0
"RANGAP1","NUP153",0,0
"RAPGEF1","BCAR1",0,0
"RASGRF2","GRIN2B",0,0
"RASGRP2","ITPR2",0,0
"RB1","E2F1",0,0
"RB1","SP3",0,0
"RB1CC1","RRAGD",0,0
"RB1CC1","RPTOR",0,0
"RB1CC1","MTOR",0,0
"RB1CC1","ATG7",0,0
"RB1CC1","PRKAA1",0,0
"RB1CC1","ULK1",0,0
"RBL1","CCNE2",0,0
"RBM14","HNRNPM",0,0
"RBM28","TBL3",0,0
"RBM28","DDX31",0,0
"RBM28","GNL2",0,0
"RBM5","CHERP",0,0
"RCC1","RANGAP1",0,0
"REL","MAP3K7",0,0
"REST","HIST2H2BE",0,0
"RET","GRB7",0,0
"RET","PDLIM7",0,0
"REV1","UBC",0,0
"REV1","REV3L",0,0
"REV3L","UBC",0,0
"RFFL","UBC",0,0
"RHOA","ITGAM",0,0
"RHOT1","FGD4",0,0
"RHOT1","ARHGAP9",0,0
"RHOT1","TAGAP",0,0
"RHOT1","ARAP1",0,0
"RHOT1","ARHGAP30",0,0
"RHOT1","MCF2L",0,0
"RHOT1","PLEKHG2",0,0
"RHOT1","ARHGEF10L",0,0
"RHOT1","ARHGEF15",0,0
"RHOT1","ARHGAP21",0,0
"RIN1","ABL2",0,0
"RIPK1","TRAF5",0,0
"RIPK1","TAX1BP1",0,0
"RIPK1","TRAF3",0,0
"RIPK1","NSMAF",0,0
"RIPK1","MADD",0,0
"RIPK1","RNF31",0,0
"RIPK1","RFFL",0,0
"RIPK1","OTUD7B",0,0
"RIPK1","MAP4K4",0,0
"RIPK3","CASP8",0,0
"RIPK3","CHUK",0,0
"RIPK3","ZBP1",0,0
"RIPK3","BIRC3",0,0
"RIPK3","RIPK1",0,0
"RIPK3","TLR3",0,0
"RIPK3","IKBKB",0,0
"RNF20","UBC",0,0
"RNF31","TNFAIP3",0,0
"ROBO1","PAK4",0,0
"ROBO2","ROBO1",0,0
"ROCK2","PLXNB1",0,0
"ROCK2","LIMK2",0,0
"ROR1","AP2B1",0,0
"ROR2","AP2B1",0,0
"RPAP2","POLR2A",0,0
"RPGRIP1L","GLI3",0,0
"RPN1","PSMD4",0,0
"RPP40","TBL3",0,0
"RPRD1B","INTS2",0,0
"RPS6KA1","AP2B1",0,0
"RPS6KA2","AP2B1",0,0
"RPS6KA5","AP2B1",0,0
"RPS6KB2","CDC5L",0,0
"RPTOR","RRAGD",0,0
"RRM1","TOP2A",0,0
"RRP1","TBL3",0,0
"RRP12","TBL3",0,0
"RRP9","TBL3",0,0
"RXFP1","PTHLH",0,0
"RXFP3","LPAR1",0,0
"RYR1","CACNA1S",0,0
"SAFB2","HNRNPUL1",0,0
"SALL4","JUN",0,0
"SALL4","NR2E1",0,0
"SALL4","HDAC5",0,0
"SALL4","ATN1",0,0
"SALL4","EED",0,0
"SALL4","PHC2",0,0
"SALL4","CBX2",0,0
"SALL4","REST",0,0
"SALL4","TBX5",0,0
"SALL4","KDM1A",0,0
"SALL4","EGR1",0,0
"SALL4","SALL1",0,0
"SALL4","EZH2",0,0
"SALL4","PRDM14",0,0
"SALL4","PPARG",0,0
"SAP130","TRRAP",0,0
"SART1","HNRNPM",0,0
"SCCPDH","SERPINA1",0,0
"SCN10A","SPTBN2",0,0
"SCN1A","SPTBN2",0,0
"SCN3A","SPTBN2",0,0
"SCN4A","SPTBN2",0,0
"SCN8A","SPTBN2",0,0
"SCRIB","VANGL2",0,0
"SCYL2","CDC5L",0,0
"SDC1","FGFR2",0,0
"SEC13","CLIP1",0,0
"SEC14L1","PTPN9",0,0
"SEC24C","F5",0,0
"SELP","ITGAM",0,0
"SEMA3A","DPYSL3",0,0
"SEMA3A","DPYSL5",0,0
"SEMA3A","CRMP1",0,0
"SEMA3A","LIMK1",0,0
"SEMA3C","PLXNB2",0,0
"SEMA3C","PLXNB1",0,0
"SEMA4F","PLXNB2",0,0
"SEMA4G","PLXND1",0,0
"SEMG1","HSPG2",0,0
"SERPINA1","GRIA1",0,0
"SERPINA5","F5",0,0
"SERPINB3","PRKCD",0,0
"SERPINC1","CHGB",0,0
"SERPINF1","LRP6",0,0
"SF3B2","HNRNPM",0,0
"SF3B3","HNRNPM",0,0
"SF3B4","HNRNPM",0,0
"SGIP1","AP2B1",0,0
"SH2D2A","VAV1",0,0
"SH2D3C","BCAR1",0,0
"SH3BP5","LYN",0,0
"SH3GL2","AP2B1",0,0
"SHANK1","NLGN2",0,0
"SHANK1","DLGAP2",0,0
"SHANK1","DLGAP3",0,0
"SHC4","NTRK1",0,0
"SIPA1L1","GRIN2B",0,0
"SIRPG","CD47",0,0
"SKA1","DSN1",0,0
"SLC2A3","ITGAM",0,0
"SLC2A3","ITGAL",0,0
"SLC2A3","MGAM",0,0
"SLC2A3","CD47",0,0
"SLC2A3","HVCN1",0,0
"SLC2A3","FPR2",0,0
"SLC2A3","STK10",0,0
"SLC2A3","COPB1",0,0
"SLC2A3","NBEAL2",0,0
"SLC2A3","CD93",0,0
"SLC2A3","FCAR",0,0
"SLC2A3","UBR4",0,0
"SLC2A3","CD36",0,0
"SLC2A3","PTPRB",0,0
"SLC2A3","KCNAB2",0.01,0.02
"SLC2A3","ATP8B4",0,0
"SLC2A3","TRPM2",0,0
"SLC2A3","PLAU",0,0
"SLC2A3","PLD1",0,0
"SLC2A3","ITGAX",0,0
"SLC2A3","C3AR1",0,0
"SLC2A3","ATP11A",0,0
"SLC2A3","ATP8A1",0,0
"SLC2A3","ITGAV",0,0
"SLC2A3","CD300A",0,0
"SLC2A3","SNAP25",0,0
"SLC2A3","GPR84",0,0
"SLC2A3","TMEM30A",0,0
"SLC2A3","TOM1",0,0
"SLC2A3","ANO6",0,0
"SLC2A3","CHRNB4",0,0
"SLC2A3","MMP25",0,0
"SLC2A3","TMEM63A",0,0
"SLC2A3","SLCO4C1",0,0
"SLC6A4","HTR1A",0,0
"SLCO4C1","ITGAM",0,0
"SMAD2","NUP153",0,0
"SMAD2","PMEPA1",0,0
"SMAD2","MTMR4",0,0
"SMAD3","ARNT",0,0
"SMAD3","PTPN9",0,0
"SMAD3","PTPN14",0,0
"SMARCA2","ARID1A",0,0
"SMARCA4","TLE2",0,0
"SMARCAL1","RFC4",0,0
"SMARCC1","ATF2",0,0
"SMARCC1","NF1",0,0
"SMARCC2","ARID1A",0,0
"SMC2","TOP2A",0,0
"SMC2","MCPH1",0,0
"SMC3","HIST2H2BE",0,0
"SMC5","STAG1",0,0
"SMO","EVC",0,0
"SNAP25","ITGAM",0,0
"SNAP25","STXBP5",0,0
"SNAP25","STXBP5L",0,0
"SNAP25","RAB3GAP2",0,0
"SNAP25","GAD2",0.47,0
"SNAP25","STXBP1",0,0
"SNAP25","SYT5",0,0
"SNAP91","AP2B1",0,0
"SNAPC1","INTS2",0,0
"SNAPC1","RPRD1B",0,0
"SNAPC1","SNAPC3",0,0
"SNAPC1","RPAP2",0,0
"SNAPC1","POLR3A",0,0
"SNAPC1","POU2F1",0,0
"SNAPC1","INTS8",0,0
"SNAPC1","TAF5",0,0
"SNAPC1","ELL2",0,0
"SNAPC1","ELL3",0,0
"SNAPC1","INTS5",0,0
"SNAPC1","INTS1",0,0
"SNAPC1","INTS3",0,0
"SNAPC1","INTS7",0,0
"SNAPC3","INTS2",0,0
"SND1","AKAP9",0,0
"SNRNP200","HNRNPM",0,0
"SNRPN","CHERP",0,0
"SNX9","AP2B1",0,0
"SORBS1","MYH11",0,0
"SORBS3","SORBS1",0,0
"SORT1","E2F1",0,0
"SORT1","ECD",0,0
"SORT1","GNPTAB",0,0
"SOS1","SPTBN2",0,0
"SOS2","EGFR",0,0
"SOS2","PAK4",0,0
"SOS2","ROBO1",0,0
"SP100","NUP153",0,0
"SP3","SMAD3",0,0
"SPAG5","MKI67",0,0
"SPAG9","KLC1",0,0
"SPARCL1","DNAJC3",0,0
"SPG7","C7",0,0
"SPI1","ITGAM",0,0
"SPI1","CSF1R",0,0
"SPI1","FLT3",0,0
"SPOP","GLI2",0,0
"SPOPL","PSMD1",0,0
"SPRED1","PSMD1",0,0
"SPTA1","SPTBN2",0,0
"SPTAN1","SPTBN2",0,0
"SPTB","NCAM1",0,0
"SPTBN2","USO1",0,0
"SPTBN4","SPTBN2",0,0
"SPTBN4","NFASC",0,0
"SPTBN4","SCN1A",0,0
"SPTBN4","SCN10A",0,0
"SPTBN4","SCN3A",0,0
"SPTBN4","SCN8A",0,0
"SPTBN4","SCN4A",0,0
"SPTBN5","SPTBN2",0,0
"SREBF1","LDLR",0,0
"SRRM2","HNRNPM",0,0
"SSH3","LIMK1",0,0
"SSRP1","TOP2A",0,0
"ST6GALNAC1","C1GALT1",0,0
"STAG1","RANGAP1",0,0
"STAM2","SH3GL2",0,0
"STAM2","STAMBP",0,0
"STAM2","PTPN23",0,0
"STAM2","SPRY1",0,0
"STAM2","PTPN3",0,0
"STAMBP","UBC",0,0
"STAP1","KIT",0,0
"STAT1","ITGAM",0,0
"STAT3","ITGAM",0,0
"STAT3","GH2",0,0
"STAT3","LEPR",0,0
"STAT3","IL10RB",0,0
"STAT3","IL22RA1",0,0
"STAT3","PRLR",0,0
"STAT5A","ESR1",0,0
"STAT5B","BRWD1",0,0
"STK10","ITGAM",0,0
"STK11IP","PRKCD",0,0
"STON1","AP2B1",0,0
"STON2","AP2B1",0,0
"STT3B","RPN1",0,0
"STXBP1","ITPR2",0,0
"SUOX","GPHN",0,0
"SUPT16H","SSRP1",0,0
"SUPT16H","AFF4",0,0
"SUPT16H","TOP1",0,0
"SUPT16H","CTR9",0,0
"SUPT16H","CSNK2A1",0,0
"SUPT16H","CDK12",0,0
"SUPT16H","BAZ1B",0,0
"SUPT16H","CDC73",0,0
"SUPT16H","BRCA1",0,0
"SUPT16H","LEO1",0,0
"SUPT16H","FANCI",0,0
"SUPT16H","IWS1",0,0
"SUPT16H","SUPT6H",0,0
"SYK","BCAR1",0,0
"SYMPK","HNRNPM",0,0
"SYMPK","CPEB1",0,0
"SYMPK","LSM11",0,0
"SYNCRIP","CSDE1",0,0
"SYNJ1","AP2B1",0,0
"SYNJ2","AP2B1",0,0
"SYT11","AP2B1",0,0
"SYT5","ITPR2",0,0
"SYT9","SYNJ2",0,0
"TAAR1","ADCYAP1R1",0,0
"TAAR9","ADCYAP1R1",0,0
"TACC1","PLXNB2",0,0
"TAF5L","TAF5",0,0
"TAF5L","SAP130",0,0
"TAGAP","RHOA",0,0
"TANC1","DLG1",0,0
"TAOK1","ZWILCH",0,0
"TAOK1","TAOK2",0,0
"TAOK1","TAOK3",0,0
"TAOK2","MAP2K3",0,0
"TAX1BP1","IKBKE",0,0
"TCERG1","SF3B2",0,0
"TCF3","MYB",0,0
"TEC","SOS1",0,0
"TEK","GRB7",0,0
"TEK","ANGPT4",0,0
"TELO2","RPTOR",0,0
"TEP1","PRKCA",0,0
"TF","AP2B1",0,0
"TF","TFR2",0,0
"TFAP2A","DEK",0,0
"TFAP2C","KDM5B",0,0
"TFAP2C","TFAP2B",0,0
"TFAP2C","CREBBP",0,0
"TFAP2C","PITX2",0,0
"TFAP2C","ERBB2",0,0
"TFAP2C","TFAP2A",0,0
"TFIP11","CHERP",0,0
"TG","LRP2",0,0
"TG","TPO",0,0
"TG","TSHR",0,0
"TGFBI","ITGAM",0,0
"TGM1","DSG1",0,0
"TGM1","TGM5",0,0
"TGM1","LCE1C",0.06,0
"TGM2","ITGA4",0,0
"TIAM2","CHD9",0,0
"TIMP3","TP53",0,0
"TKTL2","PGM2",0,0
"TKTL2","PFKP",0,0
"TLE1","TLE3",0,0
"TLE3","TLE2",0,0
"TLL1","COL5A3",0,0
"TLL1","COL11A1",0,0
"TLL1","COL5A1",0,0
"TLL1","COL2A1",0.24,0
"TLL1","COL1A1",0,0
"TLL1","HSPG2",0,0
"TLL1","LOXL4",0,0
"TLL1","CHRD",0,0
"TLL1","COL5A2",0,0
"TLL1","COL1A2",0,0
"TLL1","COL7A1",0,0
"TLL1","COL3A1",0,0
"TLN2","PIP5K1C",0,0
"TLR3","MAP3K7",0,0
"TLR3","IKBKE",0,0
"TMEM30A","ITGAM",0,0
"TMEM30A","ATP8B2",0,0
"TMEM63A","ITGAM",0,0
"TMPRSS6","LAMB3",0,0
"TNC","BCAN",0,0
"TNFRSF8","ALK",0,0
"TNKS2","UBC",0,0
"TNPO1","HIST1H3B",0,0
"TNR","ACAN",0,0
"TNRC6B","MAML3",0,0
"TNS1","PARVA",0,0
"TNS1","ACTN3",0,0
"TNS1","BCAR1",0,0
"TNS1","PTK2",0,0
"TNS1","ITGA1",0,0
"TNS1","ITGB1",0,0
"TNS1","ACTN2",0,0
"TNS1","ACTA1",0,0
"TNS1","ACTN1",0,0
"TNS1","ACTN4",0,0
"TNS1","DLC1",0,0
"TNS3","MET",0,0
"TNS4","MET",0,0
"TOM1","ITGAM",0,0
"TOP1","TOP2A",0,0
"TOP2A","NUP153",0,0
"TOP3B","TDRD3",0,0
"TOPBP1","SMARCAL1",0,0
"TOPBP1","BACH1",0,0
"TOPBP1","FANCG",0,0
"TOX2","ZNF461",0,0
"TP53","HIPK2",0,0
"TP53","ERCC6",0,0
"TP53","BAK1",0,0
"TP53","PRDM1",0,0
"TP53","RNF20",0,0
"TP53","E4F1",0,0
"TP53","PPP1R13L",0,0
"TP53","ABCB1",0,0
"TP53","PLK2",0,0
"TP53","POU4F2",0,0
"TP53","CDC25C",0,0
"TPH2","DDC",0,0
"TPO","DDC",0,0
"TPR","NUP153",0,0
"TPTE2","INPP5D",0,0
"TRAF3","IKBKE",0,0
"TRAF3IP1","CLUAP1",0,0
"TRAF5","MAP3K7",0,0
"TRAK1","BCL2L11",0,0
"TRAT1","SYK",0,0
"TRIM10","NCAM1",0,0
"TRIM13","UBC",0,0
"TRIM24","AKAP9",0,0
"TRIM28","ZNF114",0,0
"TRIM28","ZNF71",0,0
"TRIM28","ZNF773",0,0
"TRIM28","ZNF324B",0,0
"TRIM28","ZNF616",0,0
"TRIM28","MYB",0,0
"TRIM28","ZNF496",0,0
"TRIM28","ZNF443",0,0
"TRIM28","ZNF611",0,0
"TRIM28","ZNF254",0,0
"TRIM28","ZNF770",0,0
"TRIM28","ZNF710",0,0
"TRIM28","ZNF420",0,0
"TRIM28","ZKSCAN5",0,0
"TRIM28","ZNF480",0,0
"TRIM28","ZNF461",0,0
"TRIM28","ZNF585A",0,0
"TRIM28","ZNF613",0,0
"TRIM28","ZNF200",0,0
"TRIM28","ZNF3",0,0
"TRIM28","ZNF266",0,0
"TRIM28","ZNF12",0,0
"TRIM28","ZNF337",0,0
"TRIM28","ZNF544",0,0
"TRIM28","ZNF304",0,0
"TRIM28","ZNF519",0,0
"TRIM28","ZNF274",0,0
"TRIM28","ZKSCAN1",0,0
"TRIM28","ZNF606",0,0
"TRIM28","ZNF716",0.17,0
"TRIM28","ZNF786",0,0
"TRIM28","ZNF471",0,0
"TRIM28","ZNF419",0,0
"TRIM28","ZNF394",0,0
"TRIM28","ZIM3",0,0
"TRIM28","ZNF624",0,0
"TRIM28","ZNF324",0,0
"TRIM28","ZNF17",0,0
"TRIM28","ZNF74",0,0
"TRIM28","ZNF549",0,0
"TRIM28","ZNF678",0,0
"TRIM28","ZNF692",0,0
"TRIM28","ZIK1",0,0
"TRIM29","NCAM1",0,0
"TRIM3","NCAM1",0,0
"TRIM6","NCAM1",0,0
"TRIO","HRH1",0,0
"TRIP6","BCAR1",0,0
"TRIP6","JUN",0,0
"TRPC1","STIM1",0,0
"TRPC3","TRPC1",0,0
"TRPC4","TRPC1",0,0
"TRPC6","NPHS1",0,0
"TRPM2","ITGAM",0,0
"TRPV2","TRPM2",0,0
"TRPV6","LYN",0,0
"TRRAP","HIST2H2BE",0,0
"TSC1","RRAGD",0,0
"TSC2","RRAGD",0,0
"TSC2","RPS6KA1",0,0
"TSC2","TSC1",0,0
"TSC2","RPS6KA2",0,0
"TSC2","MED1",0,0
"TSHR","ADCYAP1R1",0,0
"TSR1","TBL3",0,0
"TTC21B","GLI3",0,0
"TTC21B","GPR161",0,0
"TXK","VAV3",0,0
"TXNDC5","PRKCD",0,0
"TXNRD1","CHD9",0,0
"UBC","AP2B1",0,0
"UBC","ENGASE",0,0
"UBE4B","VCP",0,0
"UBN1","CABIN1",0,0
"UBQLN4","PSMD4",0,0
"UBR4","ITGAM",0,0
"UBR5","UBC",0,0
"UBTF","POLR1B",0,0
"UBXN7","NPLOC4",0,0
"UBXN7","UBE4B",0,0
"UGP2","PGM2",0,0
"ULK1","RRAGD",0,0
"UNC13D","MPO",0,0
"UNC5B","DAPK1",0,0
"UNC5B","AGAP2",0,0
"UNC5B","UNC5C",0,0
"UNC5B","NEO1",0,0
"USO1","SPTB",0,0
"USP1","UBC",0,0
"USP1","ZBTB32",0,0
"USP37","CCNA2",0,0
"USP5","UBC",0,0
"UTP15","TBL3",0,0
"UTP20","TBL3",0,0
"UTRN","LAMA2",0,0
"VANGL2","ROR2",0,0
"VAV1","CYFIP1",0,0
"VAV2","SYK",0,0
"VAV3","SYK",0,0
"VCAM1","ITGA4",0,0
"VCAM1","NCF4",0,0
"VCAN","HSP90B1",0,0
"VCL","DOCK2",0,0
"VCL","CLCN6",0,0
"VCL","SORBS1",0,0
"VCL","AKAP9",0,0
"VCL","ZC3HAV1",0,0
"VCL","SND1",0,0
"VCL","MAP2K1",0,0
"VCL","APBB1IP",0,0
"VCL","CALD1",0,0
"VCL","FXR1",0,0
"VCL","TLN2",0,0
"VCL","ITGA2B",0,0
"VCL","SORBS3",0,0
"VCL","ITGB3",0,0
"VCL","KIAA1549",0,0
"VCL","BCL2L11",0,0
"VCL","LMOD1",0,0
"VCL","FERMT2",0,0
"VCL","MYLK",0,0
"VCL","AGK",0,0
"VCL","CNKSR1",0,0
"VCL","CTNNA2",0,0
"VCL","KSR2",0,0
"VCL","MYH11",0,0
"VCL","IL17RD",0,0
"VCL","ACTB",0,0
"VCL","VWF",0,0
"VCL","TRAK1",0,0
"VCL","ACTG1",0,0
"VCL","AP3B1",0,0
"VCL","TRIM24",0,0
"VCP","PRKCD",0,0
"VLDLR","AP2B1",0,0
"VPS33B","CDC5L",0,0
"VWF","AKAP9",0,0
"VWF","SELP",0,0
"WASF1","BCAR1",0,0
"WASL","SYNJ2",0,0
"WASL","WASF1",0,0
"WASL","DCC",0.13,0
"WASL","ABI1",0,0
"WASL","NOS3",0,0
"WASL","CYFIP2",0,0
"WASL","DOCK1",0,0
"WASL","WASF2",0,0
"WBP11","HNRNPM",0,0
"WDHD1","SMC3",0,0
"WDR19","GPR161",0,0
"WDR3","TBL3",0,0
"WDR33","NUP153",0,0
"WDR35","GPR161",0,0
"WDR75","TBL3",0,0
"WIF1","FZD1",0,0
"WNK1","UBC",0,0
"WNK4","UBC",0,0
"WNK4","SLC12A3",0,0
"XAB2","CHERP",0,0
"XPO1","NUP153",0,0
"XPO4","XPOT",0,0
"XPO7","XPO1",0,0
"XPOT","NUP153",0,0
"XRN2","TBL3",0,0
"XYLT1","GPC6",0,0
"ZAP70","LYN",0,0
"ZAP70","DEF6",0,0
"ZBP1","UBC",0,0
"ZC3HAV1","BCL2L11",0,0
"ZFYVE28","SOS1",0,0
"ZNF317","TRIM28",0,0
"ZNF350","TRIM28",0,0
"ZNF687","INTS5",0,0
"ZRANB1","UBC",0,0
"ZWILCH","CLIP1",0,0
